Layer,PositionX,PositionY,PositionZ,ForwardX,ForwardY,ForwardZ,NormalX,NormalY,NormalZ
INSTANTIATE::TARGETS::CORNERS,-172.473415772044,16.1938821781068,-172.69367023425,1,0,0,0,1,0
INSTANTIATE::TARGETS::CORNERS,-102.473415772044,10.951631882772,-156.69367023425,1,0,0,0,1,0
INSTANTIATE::TARGETS::CORNERS,-56.4734157720444,16.7285738298352,-244.69367023425,1,0,0,0,1,0
INSTANTIATE::TARGETS::CORNERS,-367.473415772044,16.713109715621,-214.69367023425,1,0,0,0,1,0
INSTANTIATE::TARGETS::CORNERS,-435.473415772044,10.2035401054038,-291.69367023425,1,0,0,0,1,0
INSTANTIATE::TARGETS::CORNERS,-263.473415772044,20.5508146541895,-201.69367023425,1,0,0,0,1,0
INSTANTIATE::TARGETS::CORNERS,-493.473415772044,8.09384726324598,-202.69367023425,1,0,0,0,1,0
INSTANTIATE::TARGETS::CORNERS,-449.473415772044,9.89872419226474,-247.69367023425,1,0,0,0,1,0
INSTANTIATE::TARGETS::CORNERS,-402.473415772044,14.6258334666644,-209.69367023425,1,0,0,0,1,0
INSTANTIATE::TARGETS::CORNERS,-215.473415772044,19.6816644819813,-129.69367023425,1,0,0,0,1,0
INSTANTIATE::TARGETS::CORNERS,-205.473415772044,16.7668037604216,-72.6936702342498,1,0,0,0,1,0
INSTANTIATE::TARGETS::CORNERS,-35.4734157720444,20.03420224236,-403.69367023425,1,0,0,0,1,0
INSTANTIATE::TARGETS::CORNERS,-207.473415772044,14.6373450192417,-451.69367023425,1,0,0,0,1,0
INSTANTIATE::TARGETS::CORNERS,-484.473415772044,9.87944682021099,-325.69367023425,1,0,0,0,1,0
INSTANTIATE::TARGETS::CORNERS,-346.473415772044,18.4239782815612,-371.69367023425,1,0,0,0,1,0
INSTANTIATE::TARGETS::CORNERS,-421.473415772044,18.4739114742904,-425.69367023425,1,0,0,0,1,0
INSTANTIATE::TARGETS::CORNERS,-403.473415772044,20.2894396842308,-445.69367023425,1,0,0,0,1,0
INSTANTIATE::TARGETS::CORNERS,-362.473415772044,15.9205466630089,-57.6936702342498,1,0,0,0,1,0
INSTANTIATE::TARGETS::CORNERS,-378.473415772044,16.524279945143,-88.6936702342498,1,0,0,0,1,0
INSTANTIATE::TARGETS::CORNERS,-331.473415772044,20.6576013466367,-112.69367023425,1,0,0,0,1,0
INSTANTIATE::TARGETS::CORNERS,-211.473415772044,14.5473142900923,-401.69367023425,1,0,0,0,1,0
INSTANTIATE::TARGETS::CORNERS,-106.849610848654,15.9331962739636,-237.405176159785,1,0,0,0,1,0
INSTANTIATE::TARGETS::CORNERS,-160.849610848654,15.0134081389551,-186.405176159785,1,0,0,0,1,0
INSTANTIATE::TARGETS::CORNERS,-404.849610848654,15.6996583127452,-150.405176159785,1,0,0,0,1,0
INSTANTIATE::TARGETS::CORNERS,-376.849610848654,15.5498593787745,-226.405176159785,1,0,0,0,1,0
INSTANTIATE::TARGETS::CORNERS,-419.849610848654,13.6442590342385,-333.405176159785,1,0,0,0,1,0
INSTANTIATE::TARGETS::CORNERS,-345.849610848654,14.5356887760976,-322.405176159785,1,0,0,0,1,0
INSTANTIATE::TARGETS::CORNERS,-168.849610848654,15.9168838761661,-119.405176159785,1,0,0,0,1,0
INSTANTIATE::TARGETS::CORNERS,-113.849610848654,10.5352502733596,-70.4051761597848,1,0,0,0,1,0
INSTANTIATE::TARGETS::CORNERS,-47.8496108486539,18.0216997415538,-438.405176159785,1,0,0,0,1,0
INSTANTIATE::TARGETS::CORNERS,-76.8496108486539,18.6600192530674,-434.405176159785,1,0,0,0,1,0
INSTANTIATE::TARGETS::CORNERS,-106.849610848654,14.8003198555697,-479.405176159785,1,0,0,0,1,0
INSTANTIATE::TARGETS::CORNERS,-156.849610848654,16.1892302105115,-431.405176159785,1,0,0,0,1,0
INSTANTIATE::TARGETS::CORNERS,-215.849610848654,15.1077799747756,-481.405176159785,1,0,0,0,1,0
INSTANTIATE::TARGETS::CORNERS,-246.849610848654,14.0938645341614,-353.405176159785,1,0,0,0,1,0
INSTANTIATE::TARGETS::CORNERS,-83.849610848654,8.10197048603114,-62.4051761597848,1,0,0,0,1,0
INSTANTIATE::TARGETS::CORNERS,-69.9309237609104,7.37791358340116,-73.399676633809,1,0,0,0,1,0
INSTANTIATE::TARGETS::CORNERS,-73.9309237609104,19.1967116058934,-274.399676633809,1,0,0,0,1,0
INSTANTIATE::TARGETS::CORNERS,-118.93092376091,14.7410807058755,-225.399676633809,1,0,0,0,1,0
INSTANTIATE::TARGETS::CORNERS,-42.9309237609104,13.3940264110947,-204.399676633809,1,0,0,0,1,0
INSTANTIATE::TARGETS::CORNERS,-20.9309237609104,15.1633686219489,-235.399676633809,1,0,0,0,1,0
INSTANTIATE::TARGETS::CORNERS,-497.93092376091,11.233922415101,-373.399676633809,1,0,0,0,1,0
INSTANTIATE::TARGETS::CORNERS,-412.93092376091,11.2204089407962,-268.399676633809,1,0,0,0,1,0
INSTANTIATE::TARGETS::CORNERS,-453.93092376091,10.7359682201564,-312.399676633809,1,0,0,0,1,0
INSTANTIATE::TARGETS::CORNERS,-331.93092376091,18.7169051830031,-213.399676633809,1,0,0,0,1,0
INSTANTIATE::TARGETS::CORNERS,-339.93092376091,14.9077289455546,-264.399676633809,1,0,0,0,1,0
INSTANTIATE::TARGETS::CORNERS,-222.93092376091,20.0774824651386,-169.399676633809,1,0,0,0,1,0
INSTANTIATE::TARGETS::CORNERS,-279.93092376091,19.1260734763333,-223.399676633809,1,0,0,0,1,0
INSTANTIATE::TARGETS::CORNERS,-315.93092376091,16.764410266706,-43.399676633809,1,0,0,0,1,0
INSTANTIATE::TARGETS::CORNERS,-232.93092376091,19.8887446092948,-101.399676633809,1,0,0,0,1,0
INSTANTIATE::TARGETS::CORNERS,-287.93092376091,18.6390205021292,-62.399676633809,1,0,0,0,1,0
INSTANTIATE::TARGETS::CORNERS,-218.93092376091,15.318099877415,-38.399676633809,1,0,0,0,1,0
INSTANTIATE::TARGETS::CORNERS,-152.93092376091,14.4350952065192,-106.399676633809,1,0,0,0,1,0
INSTANTIATE::TARGETS::CORNERS,-53.9309237609104,9.70054138487298,-155.399676633809,1,0,0,0,1,0
INSTANTIATE::TARGETS::CORNERS,-114.93092376091,21.4890347184509,-376.399676633809,1,0,0,0,1,0
INSTANTIATE::TARGETS::CORNERS,-100.93092376091,20.9670202224407,-398.399676633809,1,0,0,0,1,0
INSTANTIATE::TARGETS::CORNERS,-67.9309237609104,20.1254026376746,-415.399676633809,1,0,0,0,1,0
INSTANTIATE::TARGETS::CORNERS,-110.93092376091,14.2605207560975,-485.399676633809,1,0,0,0,1,0
INSTANTIATE::TARGETS::CORNERS,-157.93092376091,14.1532785466426,-464.399676633809,1,0,0,0,1,0
INSTANTIATE::TARGETS::CORNERS,-312.93092376091,17.0565803067123,-358.399676633809,1,0,0,0,1,0
INSTANTIATE::TARGETS::CORNERS,-191.93092376091,15.6710942211952,-383.399676633809,1,0,0,0,1,0
INSTANTIATE::TARGETS::CORNERS,-188.93092376091,16.220880863902,-341.399676633809,1,0,0,0,1,0
INSTANTIATE::TARGETS::CORNERS,-150.93092376091,10.5663946303313,-16.399676633809,1,0,0,0,1,0
INSTANTIATE::TARGETS::CORNERS,-289.93092376091,14.6872772096571,-12.399676633809,1,0,0,0,1,0
INSTANTIATE::TARGETS::CORNERS,-201.93092376091,13.461199678578,-21.399676633809,1,0,0,0,1,0
INSTANTIATE::TARGETS::CORNERS,-376.93092376091,19.5150388329777,-394.399676633809,1,0,0,0,1,0
INSTANTIATE::TARGETS::CORNERS,-34.9309237609104,15.521996578449,-467.399676633809,1,0,0,0,1,0
INSTANTIATE::TARGETS::CORNERS,-444.93092376091,11.7435501534925,-88.399676633809,1,0,0,0,1,0
INSTANTIATE::TARGETS::CORNERS,-370.93092376091,16.3563217019468,-74.399676633809,1,0,0,0,1,0
INSTANTIATE::TARGETS::CORNERS,-224.93092376091,17.485553582078,-67.399676633809,1,0,0,0,1,0
INSTANTIATE::TARGETS::CORNERS,-75.9309237609104,14.9347496253413,-220.399676633809,1,0,0,0,1,0
INSTANTIATE::TARGETS::CORNERS,-234.93092376091,16.7736238027099,-450.399676633809,1,0,0,0,1,0
INSTANTIATE::TARGETS::CORNERS,-329.93092376091,22.5272589915613,-426.399676633809,1,0,0,0,1,0
INSTANTIATE::TARGETS::CORNERS,-307.93092376091,20.3868292508899,-89.399676633809,1,0,0,0,1,0
INSTANTIATE::TARGETS::CORNERS,-348.93092376091,19.9869166896478,-131.399676633809,1,0,0,0,1,0
INSTANTIATE::AGENTS::LW_Big Agent 1,-465.853244033244,10.6250365932251,-111.743070175454,1,0,0,0,1,0
INSTANTIATE::AGENTS::LW_Big Agent 2,-449.923336935015,11.8991921906727,-114.096351905874,1,0,0,0,1,0
INSTANTIATE::AGENTS::LW_Big Agent 1,-400.14237725305,15.885085199428,-122.061305454989,1,0,0,0,1,0
INSTANTIATE::AGENTS::LW_Big Agent 1,-33.9824365056768,21.7247686694447,-367.584333297415,1,0,0,0,1,0
INSTANTIATE::AGENTS::LW_Big Agent 2,-9.64226254626923,19.2738581428227,-388.991956177376,1,0,0,0,1,0
INSTANTIATE::AGENTS::LW_Big Agent 2,-181.115320849932,14.458100872744,-261.4985514162,1,0,0,0,1,0
INSTANTIATE::AGENTS::LW_Big Agent 1,-182.232738575678,14.2646413448951,-252.335726065087,1,0,0,0,1,0
INSTANTIATE::AGENTS::LW_Big Agent 1,-140.852525355868,17.5648896200487,-279.34818216726,1,0,0,0,1,0
INSTANTIATE::AGENTS::LW_Big Agent 2,-138.841173449526,18.219164526017,-288.957974608672,1,0,0,0,1,0
INSTANTIATE::AGENTS::LW_Big Agent 1,-121.409456927895,19.4060541203937,-293.427645511654,1,0,0,0,1,0
INSTANTIATE::AGENTS::LW_Big Agent 2,-120.292039202149,20.0072677960701,-302.590470862768,1,0,0,0,1,0
INSTANTIATE::AGENTS::LW_Big Agent 1,-83.4858272210113,22.7307511266017,-321.047833441619,1,0,0,0,1,0
INSTANTIATE::AGENTS::LW_Big Agent 2,-83.1097995374913,23.4116368590715,-330.858656569134,1,0,0,0,1,0
INSTANTIATE::AGENTS::LW_Big Agent 2,-66.5150514259755,24.1134143057678,-345.494918230445,1,0,0,0,1,0
INSTANTIATE::AGENTS::LW_Big Agent 1,-66.0844769649221,23.712662584347,-336.274256842979,1,0,0,0,1,0
INSTANTIATE::AGENTS::LW_Big Agent 2,-46.2991510393529,22.7951371682418,-360.546210706743,1,0,0,0,1,0
INSTANTIATE::AGENTS::LW_Big Agent 1,-46.6751787228729,22.9420767491164,-350.735387579227,1,0,0,0,1,0
INSTANTIATE::AGENTS::LW_Big Agent 1,-390.91027200294,16.1027021478787,-101.424834895919,1,0,0,0,1,0
INSTANTIATE::AGENTS::LW_Big Agent 2,-423.31315121411,12.6886094653663,-69.3839990278909,1,0,0,0,1,0
INSTANTIATE::AGENTS::LW_Big Agent 1,-332.562510085344,21.3850502368501,-149.089053865706,1,0,0,0,1,0
INSTANTIATE::AGENTS::LW_Big Agent 2,-331.731131854321,21.3861357739166,-155.383774757738,1,0,0,0,1,0
INSTANTIATE::AGENTS::LW_Big Agent 2,-380.158073470149,17.1839642198748,-111.552400048788,1,0,0,0,1,0
INSTANTIATE::AGENTS::LW_Big Agent 2,-384.755535169533,17.1497825477685,-126.767868915829,1,0,0,0,1,0
INSTANTIATE::AGENTS::LW_Big Agent 1,-306.609433032241,22.7890044743574,-166.244477680469,1,0,0,0,1,0
INSTANTIATE::AGENTS::LW_Big Agent 2,-305.778054801218,22.4890546668411,-172.539198572501,1,0,0,0,1,0
INSTANTIATE::AGENTS::LW_Big Agent 2,-317.21500401106,22.1512171773734,-165.940958643746,1,0,0,0,1,0
INSTANTIATE::AGENTS::LW_Big Agent 1,-318.046382242083,22.3091905114795,-159.646237751714,1,0,0,0,1,0
INSTANTIATE::AGENTS::LW_Big Agent 2,-183.893690355675,16.0404694299659,-205.820799056829,1,0,0,0,1,0
INSTANTIATE::AGENTS::LW_Big Agent 2,-181.338804395081,14.3992888963413,-241.161548807631,1,0,0,0,1,0
INSTANTIATE::AGENTS::LW_Big Agent 1,-363.354962413689,14.6369880033094,-37.5865010090501,1,0,0,0,1,0
INSTANTIATE::AGENTS::LW_Big Agent 2,-348.026872897289,16.2168164421005,-51.2114694680724,1,0,0,0,1,0
INSTANTIATE::AGENTS::LW_Big Agent 1,-292.164502215297,21.7368871598277,-102.645725400882,1,0,0,0,1,0
INSTANTIATE::AGENTS::LW_Big Agent 1,-281.264527448079,22.6484543771385,-113.886324379575,1,0,0,0,1,0
INSTANTIATE::AGENTS::LW_Big Agent 2,-268.320807412008,23.1413996048897,-125.80817178122,1,0,0,0,1,0
INSTANTIATE::AGENTS::LW_Big Agent 1,-434.71751652307,11.4866193210618,-58.7037204052147,1,0,0,0,1,0
INSTANTIATE::AGENTS::LW_Big Agent 2,-254.695838952985,22.7799070468375,-137.730019182864,1,0,0,0,1,0
INSTANTIATE::AGENTS::LW_Big Agent 1,-191.619047471941,16.8425232653476,-198.923158774448,1,0,0,0,1,0
INSTANTIATE::AGENTS::LW_Big Agent 2,-289.388026818191,22.1381630921881,-184.534798762978,1,0,0,0,1,0
INSTANTIATE::AGENTS::LW_Big Agent 1,-290.219405049214,22.6016263640727,-178.240077870945,1,0,0,0,1,0
INSTANTIATE::AGENTS::LW_Big Agent 1,-199.664455097309,14.8357721629204,-247.866055162104,1,0,0,0,1,0
INSTANTIATE::AGENTS::LW_Big Agent 1,-201.675807003651,15.4857294351132,-238.256262720692,1,0,0,0,1,0
INSTANTIATE::TARGETS::INTERSECTIONS,-104.359873692664,10.6792853275836,-111.197681798012,1,0,0,0,1,0
INSTANTIATE::AGENTS::LW_Agent 2,-64.6522845614124,23.0926040402489,-327.253397467506,1,0,0,0,1,0
INSTANTIATE::AGENTS::LW_Agent 1,-69.5429532809609,22.9252158718756,-323.313692110092,1,0,0,0,1,0
INSTANTIATE::AGENTS::LW_Agent 2,-170.473415772044,14.5979716635738,-253.69367023425,1,0,0,0,1,0
INSTANTIATE::AGENTS::LW_Agent 1,-130.899801133992,18.1491944864174,-280.581376360814,1,0,0,0,1,0
INSTANTIATE::AGENTS::LW_Agent 1,-127.781123259512,18.4340606585648,-282.728662766193,1,0,0,0,1,0
INSTANTIATE::AGENTS::LW_Agent 2,-123.146097386487,18.8560072350054,-285.937952129285,1,0,0,0,1,0
INSTANTIATE::AGENTS::LW_Agent 2,-119.87086567209,19.1453234996265,-288.101455312138,1,0,0,0,1,0
INSTANTIATE::AGENTS::LW_Agent 1,-72.3389806035934,23.0875756038451,-324.875139636751,1,0,0,0,1,0
INSTANTIATE::AGENTS::LW_Agent 1,-75.6142123179899,22.938809894155,-322.711636453898,1,0,0,0,1,0
INSTANTIATE::AGENTS::LW_Agent 2,-66.3379350467501,23.3214938031496,-329.668844407328,1,0,0,0,1,0
INSTANTIATE::AGENTS::LW_Agent 2,-63.0627033323537,23.3546514970694,-331.832347590181,1,0,0,0,1,0
INSTANTIATE::AGENTS::LW_Agent 2,-31.1332130783426,21.731989913136,-356.112089358917,1,0,0,0,1,0
INSTANTIATE::AGENTS::LW_Agent 2,-28.7338020464362,21.5293768432743,-357.887915572157,1,0,0,0,1,0
INSTANTIATE::AGENTS::LW_Agent 1,-37.3060761319122,22.2306195451043,-351.924594469217,1,0,0,0,1,0
INSTANTIATE::AGENTS::LW_Agent 1,-39.7054871638187,22.4146082255939,-350.148768255977,1,0,0,0,1,0
INSTANTIATE::AGENTS::LW_Agent 1,-187.793813171969,14.6272924763388,-241.253032317967,1,0,0,0,1,0
INSTANTIATE::AGENTS::LW_Agent 1,-184.745136529483,14.4254021281278,-243.626285016299,1,0,0,0,1,0
INSTANTIATE::AGENTS::LW_Agent 1,-188.849610848654,14.6660592870575,-241.405176159785,1,0,0,0,1,0
INSTANTIATE::AGENTS::LW_Agent 1,-191.411646112259,14.8737045734574,-239.604134953671,1,0,0,0,1,0
INSTANTIATE::AGENTS::LW_Agent 1,-463.364308373395,10.9101004647612,-118.547533486014,1,0,0,0,1,0
INSTANTIATE::AGENTS::LW_Agent 1,-398.465319824034,16.1109516841723,-128.96466049777,1,0,0,0,1,0
INSTANTIATE::AGENTS::LW_Agent 2,-457.527707843892,11.3790720322632,-119.553843922135,1,0,0,0,1,0
INSTANTIATE::AGENTS::LW_Agent 2,-393.520310340935,16.5155132086007,-130.540542640736,1,0,0,0,1,0
INSTANTIATE::AGENTS::LW_Agent 1,-188.45907196359,16.7685675130431,-195.064035801823,1,0,0,0,1,0
INSTANTIATE::AGENTS::LW_Agent 1,-189.674136222834,16.9010649158592,-193.753897616726,1,0,0,0,1,0
INSTANTIATE::AGENTS::LW_Agent 1,-194.392003553799,16.9526653621652,-200.867731170323,1,0,0,0,1,0
INSTANTIATE::AGENTS::LW_Agent 1,-195.721229553517,17.0913669482374,-199.673578140005,1,0,0,0,1,0
INSTANTIATE::AGENTS::LW_Agent 1,-308.231936905263,21.7851567251805,-182.129780717058,1,0,0,0,1,0
INSTANTIATE::AGENTS::LW_Agent 2,-303.341268185715,21.749864058711,-185.471737675416,1,0,0,0,1,0
INSTANTIATE::AGENTS::LW_Agent 1,-334.166447147484,20.9948608873735,-165.073726841071,1,0,0,0,1,0
INSTANTIATE::AGENTS::LW_Agent 2,-329.201982329287,21.2544655481147,-168.159745511843,1,0,0,0,1,0
INSTANTIATE::AGENTS::LW_Agent 1,-259.542987709685,22.6679882400941,-125.402512385759,1,0,0,0,1,0
INSTANTIATE::AGENTS::LW_Agent 2,-255.348735019623,22.5871627950191,-129.544352774353,1,0,0,0,1,0
INSTANTIATE::AGENTS::LW_Agent 2,-280.265140603386,22.0323640184431,-105.878577586686,1,0,0,0,1,0
INSTANTIATE::AGENTS::LW_Agent 1,-284.459393293448,21.7259714136646,-101.736737198092,1,0,0,0,1,0
INSTANTIATE::AGENTS::LW_Agent 1,-10.748849683479,18.9946226652904,-397.18574813277,1,0,0,0,1,0
INSTANTIATE::AGENTS::LW_Agent 2,-6.4217148081583,18.5342405940352,-401.278077239663,1,0,0,0,1,0
INSTANTIATE::AGENTS::LW_Agent 2,-43.1666785949889,22.1701501633179,-372.647599432429,1,0,0,0,1,0
INSTANTIATE::AGENTS::LW_Agent 1,-138.773184620384,18.7972897196756,-299.958079876024,1,0,0,0,1,0
INSTANTIATE::AGENTS::LW_Agent 2,-133.967353141677,19.2152210274907,-302.463247348967,1,0,0,0,1,0
INSTANTIATE::AGENTS::LW_Agent 1,-200.877656428711,14.3679770049306,-257.928953198742,1,0,0,0,1,0
INSTANTIATE::AGENTS::LW_Agent 2,-196.075684570828,14.1998310480125,-260.578892779675,1,0,0,0,1,0
INSTANTIATE::AGENTS::LW_Agent 1,-83.2618239101696,23.9390498535512,-340.405961735222,1,0,0,0,1,0
INSTANTIATE::AGENTS::LW_Agent 2,-78.2081328999694,24.1889521587997,-343.829429838906,1,0,0,0,1,0
INSTANTIATE::AGENTS::LW_Agent 2,-387.947590860307,16.7737793160665,-119.241726079096,1,0,0,0,1,0
INSTANTIATE::AGENTS::LW_Agent 1,-392.892600343406,16.3644214438356,-117.66584393613,1,0,0,0,1,0
INSTANTIATE::AGENTS::LW_Agent 1,-433.371398241655,11.9084779042301,-67.2791454706708,1,0,0,0,1,0
INSTANTIATE::AGENTS::LW_Agent 2,-429.111350728742,12.3645297772965,-71.5727366647875,1,0,0,0,1,0
INSTANTIATE::AGENTS::LW_Agent 2,-451.398738932537,11.6821201347858,-107.789742495954,1,0,0,0,1,0
INSTANTIATE::AGENTS::LW_Agent 1,-457.23533946204,11.213764192494,-106.783432059833,1,0,0,0,1,0
INSTANTIATE::AGENTS::LW_Agent 2,-263.659487024087,23.4249891173583,-139.065576619905,1,0,0,0,1,0
INSTANTIATE::AGENTS::LW_Agent 1,-268.099036028977,23.5693207470101,-134.95786012681,1,0,0,0,1,0
INSTANTIATE::AGENTS::LW_Agent 1,-403.388980635061,10.7949259124377,-7.42912683906619,1,0,0,0,1,0
INSTANTIATE::AGENTS::LW_Agent 2,-399.128933122148,11.2704665052817,-11.7227180331829,1,0,0,0,1,0
INSTANTIATE::AGENTS::LW_Agent 2,-423.023793769491,12.358639778956,-60.598569357294,1,0,0,0,1,0
INSTANTIATE::AGENTS::LW_Agent 1,-427.283841282404,11.8928658158898,-56.3049781631773,1,0,0,0,1,0
INSTANTIATE::AGENTS::LW_Agent 1,-359.73118943429,15.4867090774453,-48.2881593469241,1,0,0,0,1,0
INSTANTIATE::AGENTS::LW_Agent 2,-355.471141921377,15.9610968377518,-52.5817505410408,1,0,0,0,1,0
INSTANTIATE::AGENTS::LW_Agent 1,-292.889651874376,22.3546497621522,-111.03646619796,1,0,0,0,1,0
INSTANTIATE::AGENTS::LW_Agent 2,-288.84225220902,22.7512791599909,-115.531072532596,1,0,0,0,1,0
INSTANTIATE::AGENTS::LW_Agent 1,-353.359132364086,15.0622359825574,-37.2593282626537,1,0,0,0,1,0
INSTANTIATE::AGENTS::LW_Agent 2,-348.969465441089,15.5109958357855,-41.1934637125098,1,0,0,0,1,0
INSTANTIATE::AGENTS::LW_Agent 2,-5.07996755999684,18.547905498044,-399.131281642604,1,0,0,0,1,0
INSTANTIATE::AGENTS::LW_Agent 2,-2.68055652809041,18.3171140495251,-400.907107855845,1,0,0,0,1,0
INSTANTIATE::AGENTS::LW_Agent 1,-9.66334464433471,19.0340865304851,-394.766601574634,1,0,0,0,1,0
INSTANTIATE::AGENTS::LW_Agent 1,-12.0627556762411,19.2670054224089,-392.990775361393,1,0,0,0,1,0
INSTANTIATE::AGENTS::LW_Agent 1,-45.4502453082033,22.5618769974355,-366.460189657633,1,0,0,0,1,0
INSTANTIATE::AGENTS::LW_Agent 2,-38.3567945593674,21.9731983225994,-369.48110985657,1,0,0,0,1,0
INSTANTIATE::AGENTS::LW_Agent 2,-41.1901977952907,22.1368558073146,-370.284169314893,1,0,0,0,1,0
INSTANTIATE::AGENTS::LW_Agent 1,-433.583058870053,11.7706168754695,-63.9955545176076,1,0,0,0,1,0
INSTANTIATE::AGENTS::LW_Agent 1,-432.306050926615,11.9067904805447,-65.24539207927,1,0,0,0,1,0
INSTANTIATE::AGENTS::LW_Agent 2,-426.502994078317,12.5249331683727,-70.9478178839563,1,0,0,0,1,0
INSTANTIATE::AGENTS::LW_Agent 2,-427.780002021754,12.3893196723767,-69.6979803222939,1,0,0,0,1,0
INSTANTIATE::AGENTS::LW_Agent 2,-449.298612056331,11.8948319898001,-110.738673010561,1,0,0,0,1,0
INSTANTIATE::AGENTS::LW_Agent 2,-453.091487740777,11.5844213313066,-109.727741337528,1,0,0,0,1,0
INSTANTIATE::AGENTS::LW_Agent 1,-458.928088270279,11.1157574404798,-108.721430901407,1,0,0,0,1,0
INSTANTIATE::AGENTS::LW_Agent 1,-462.045210913865,10.8676985852828,-108.32352796387,1,0,0,0,1,0
INSTANTIATE::AGENTS::LW_Agent 2,-385.534844051979,17.0270475426189,-122.901574054235,1,0,0,0,1,0
INSTANTIATE::AGENTS::LW_Agent 2,-389.051990245205,16.7253774375715,-121.158711047376,1,0,0,0,1,0
INSTANTIATE::AGENTS::LW_Agent 1,-394.703429654461,16.2602319015738,-119.474147377309,1,0,0,0,1,0
INSTANTIATE::AGENTS::LW_Agent 1,-397.652834323749,16.0236283179162,-118.934698315045,1,0,0,0,1,0
INSTANTIATE::AGENTS::LW_Agent 1,-229.213895431878,20.5663096526441,-168.318741998561,1,0,0,0,1,0
INSTANTIATE::AGENTS::LW_Agent 1,-227.88466943216,20.4345100856784,-169.51289502888,1,0,0,0,1,0
INSTANTIATE::AGENTS::LW_Agent 2,-221.538861572575,19.8048885427968,-175.01638656083,1,0,0,0,1,0
INSTANTIATE::AGENTS::LW_Agent 2,-222.868087572293,19.938870968573,-173.822233530511,1,0,0,0,1,0
INSTANTIATE::AGENTS::LW_Agent 2,-262.061632749098,23.2703627351566,-137.004054728058,1,0,0,0,1,0
INSTANTIATE::AGENTS::LW_Agent 2,-260.73240674938,23.2116749235514,-138.198207758377,1,0,0,0,1,0
INSTANTIATE::AGENTS::LW_Agent 1,-267.078214608965,23.4234830320828,-132.694716226427,1,0,0,0,1,0
INSTANTIATE::AGENTS::LW_Agent 1,-268.407440608683,23.4404916045301,-131.500563196108,1,0,0,0,1,0
INSTANTIATE::AGENTS::LW_Agent 1,-292.882219225715,22.0967331644201,-107.56544902607,1,0,0,0,1,0
INSTANTIATE::AGENTS::LW_Agent 1,-291.66715496647,22.2148223579615,-108.875587211168,1,0,0,0,1,0
INSTANTIATE::AGENTS::LW_Agent 2,-285.848395845645,22.7319375705218,-114.933618139351,1,0,0,0,1,0
INSTANTIATE::AGENTS::LW_Agent 2,-287.063460104889,22.6258221662445,-113.623479954253,1,0,0,0,1,0
INSTANTIATE::AGENTS::LW_Agent 1,-359.891643464818,15.2608626336437,-44.8208448304851,1,0,0,0,1,0
INSTANTIATE::AGENTS::LW_Agent 1,-358.614635521381,15.4005631989472,-46.0706823921475,1,0,0,0,1,0
INSTANTIATE::AGENTS::LW_Agent 2,-352.509685542246,16.054090092206,-51.8401955592418,1,0,0,0,1,0
INSTANTIATE::AGENTS::LW_Agent 2,-353.786693485683,15.9148047281431,-50.5903579975794,1,0,0,0,1,0
INSTANTIATE::AGENTS::LW_Agent 2,-398.115358310535,11.1746018797077,-9.26171395286502,1,0,0,0,1,0
INSTANTIATE::AGENTS::LW_Agent 2,-396.838350367097,11.314783328259,-10.5115515145274,1,0,0,0,1,0
INSTANTIATE::AGENTS::LW_Agent 1,-402.641407215396,10.6773900670926,-4.80912570984119,1,0,0,0,1,0
INSTANTIATE::AGENTS::LW_Agent 1,-403.918415158834,10.5378087167966,-3.55928814817879,1,0,0,0,1,0
INSTANTIATE::AGENTS::LW_Agent 2,-173.869195844552,14.3217856070819,-247.854584987621,1,0,0,0,1,0
INSTANTIATE::AGENTS::LW_Agent 2,-183.855377102009,16.2721162327492,-199.811928544909,1,0,0,0,1,0
INSTANTIATE::AGENTS::LW_Agent 2,-182.640312842764,16.1384200154832,-201.122066730006,1,0,0,0,1,0
INSTANTIATE::AGENTS::LW_Agent 2,-189.375421693932,16.4366087203885,-205.177069671955,1,0,0,0,1,0
INSTANTIATE::AGENTS::LW_Agent 2,-188.046195694214,16.297499781692,-206.371222702273,1,0,0,0,1,0
INSTANTIATE::AGENTS::LW_Agent 1,-186.64858759445,14.7046108029469,-238.380971802731,1,0,0,0,1,0
INSTANTIATE::AGENTS::LW_Agent 2,-423.813126282565,12.4061929697265,-63.0684071691281,1,0,0,0,1,0
INSTANTIATE::AGENTS::LW_Agent 2,-422.536118339127,12.5435675503403,-64.3182447307905,1,0,0,0,1,0
INSTANTIATE::AGENTS::LW_Agent 1,-428.339175187426,11.9176325358806,-58.6158189261042,1,0,0,0,1,0
INSTANTIATE::AGENTS::LW_Agent 1,-429.616183130863,11.7798524692286,-57.3659813644418,1,0,0,0,1,0
INSTANTIATE::AGENTS::LW_Agent 1,-324.246296123855,22.0328793778667,-147.77725266613,1,0,0,0,1,0
INSTANTIATE::AGENTS::LW_Agent 1,-322.331984919174,22.1729225246024,-149.200239877612,1,0,0,0,1,0
INSTANTIATE::AGENTS::LW_Agent 2,-314.166084485229,22.711594331651,-154.705700018824,1,0,0,0,1,0
INSTANTIATE::AGENTS::LW_Agent 2,-317.441316199626,22.50851036424,-152.54219683597,1,0,0,0,1,0
INSTANTIATE::AGENTS::LW_Agent 2,-290.80473959956,23.1584629794973,-170.436250214133,1,0,0,0,1,0
INSTANTIATE::AGENTS::LW_Agent 2,-287.529507885164,23.052182761389,-172.599753396987,1,0,0,0,1,0
INSTANTIATE::AGENTS::LW_Agent 1,-295.695408319109,23.247518506596,-167.094293255775,1,0,0,0,1,0
INSTANTIATE::AGENTS::LW_Agent 1,-297.609719523789,23.2618006379016,-165.671306044293,1,0,0,0,1,0
INSTANTIATE::AGENTS::LW_Agent 1,-136.983779282567,18.7557412880767,-296.992779601929,1,0,0,0,1,0
INSTANTIATE::AGENTS::LW_Agent 1,-139.795701956279,18.4829024957487,-294.947744930139,1,0,0,0,1,0
INSTANTIATE::AGENTS::LW_Agent 2,-128.715640627582,19.5175337798202,-302.263320414285,1,0,0,0,1,0
INSTANTIATE::AGENTS::LW_Agent 2,-131.990872341979,19.2122207608008,-300.099817231431,1,0,0,0,1,0
INSTANTIATE::AGENTS::LW_Agent 1,-83.5324614682332,23.7443861242199,-336.650454287254,1,0,0,0,1,0
INSTANTIATE::AGENTS::LW_Agent 1,-82.3245801897101,23.8387660931951,-337.781499682042,1,0,0,0,1,0
INSTANTIATE::AGENTS::LW_Agent 2,-77.27088917951,24.0959050213939,-341.204967785726,1,0,0,0,1,0
INSTANTIATE::AGENTS::LW_Agent 1,-47.8496563401097,22.7833606804376,-364.684363444393,1,0,0,0,1,0
INSTANTIATE::AGENTS::LW_Agent 2,-74.8651096819221,24.1677181139995,-342.682279041364,1,0,0,0,1,0
INSTANTIATE::AGENTS::LW_Agent 1,-198.707399099789,14.4408837059752,-254.983416795262,1,0,0,0,1,0
INSTANTIATE::AGENTS::LW_Agent 1,-201.2362258397,14.6200265588821,-253.062490596042,1,0,0,0,1,0
INSTANTIATE::AGENTS::LW_Agent 2,-190.823972056733,14.2127473985768,-260.378965844992,1,0,0,0,1,0
INSTANTIATE::AGENTS::LW_Agent 2,-194.09920377113,14.2413749535464,-258.215462662139,1,0,0,0,1,0
INSTANTIATE::AGENTS::LW_Agent 1,-465.358167082164,10.7129971571207,-115.2807359173,1,0,0,0,1,0
INSTANTIATE::AGENTS::LW_Agent 1,-462.241044438579,10.9616776900197,-115.678638854837,1,0,0,0,1,0
INSTANTIATE::AGENTS::LW_Agent 1,-400.451383646602,15.9151923627321,-125.727293758863,1,0,0,0,1,0
INSTANTIATE::AGENTS::LW_Agent 1,-397.501978977314,16.152147664232,-126.266742821126,1,0,0,0,1,0
INSTANTIATE::AGENTS::LW_Agent 1,-334.98614093132,21.0314582229824,-161.183994973945,1,0,0,0,1,0
INSTANTIATE::AGENTS::LW_Agent 1,-332.189966347786,21.2024653823416,-162.710296723535,1,0,0,0,1,0
INSTANTIATE::AGENTS::LW_Agent 2,-327.225501529588,21.4718748815653,-165.796315394306,1,0,0,0,1,0
INSTANTIATE::AGENTS::LW_Agent 1,-308.169767310245,22.0268137697645,-178.34336338804,1,0,0,0,1,0
INSTANTIATE::AGENTS::LW_Agent 1,-306.255456105565,22.0216618457782,-179.766350599522,1,0,0,0,1,0
INSTANTIATE::AGENTS::LW_Agent 2,-456.404443909077,11.4307367005434,-116.684949290958,1,0,0,0,1,0
INSTANTIATE::AGENTS::LW_Agent 2,-452.61156822463,11.7402076389892,-117.695880963991,1,0,0,0,1,0
INSTANTIATE::AGENTS::LW_Agent 2,-391.850539568058,16.6146969024245,-127.951306491193,1,0,0,0,1,0
INSTANTIATE::AGENTS::LW_Agent 2,-388.333393374831,16.910922760314,-129.694169498052,1,0,0,0,1,0
INSTANTIATE::AGENTS::LW_Agent 2,-324.35279398964,21.5999328136463,-167.859187533548,1,0,0,0,1,0
INSTANTIATE::AGENTS::LW_Agent 2,-298.08955567162,21.9217917119018,-185.271810740734,1,0,0,0,1,0
INSTANTIATE::AGENTS::LW_Agent 2,-301.364787386016,21.980172518108,-183.10830755788,1,0,0,0,1,0
INSTANTIATE::AGENTS::LW_Agent 1,-223.166802101195,20.2649767283047,-162.399061475282,1,0,0,0,1,0
INSTANTIATE::AGENTS::LW_Agent 1,-221.95173784195,20.1457831015914,-163.70919966038,1,0,0,0,1,0
INSTANTIATE::AGENTS::LW_Agent 2,-216.132978721125,19.5663185325924,-169.767230588563,1,0,0,0,1,0
INSTANTIATE::AGENTS::LW_Agent 2,-217.348042980369,19.6900574199804,-168.457092403465,1,0,0,0,1,0
INSTANTIATE::AGENTS::LW_Agent 2,-256.541588157174,22.7413134094956,-131.638913601012,1,0,0,0,1,0
INSTANTIATE::AGENTS::LW_Agent 2,-255.32652389793,22.7021980322155,-132.94905178611,1,0,0,0,1,0
INSTANTIATE::AGENTS::LW_Agent 1,-261.145283018755,22.831211025205,-126.891020857927,1,0,0,0,1,0
INSTANTIATE::AGENTS::LW_Agent 1,-262.360347278,22.8340307757993,-125.580882672829,1,0,0,0,1,0
INSTANTIATE::AGENTS::LW_Agent 1,-287.276752861763,21.7302796718055,-101.915107485162,1,0,0,0,1,0
INSTANTIATE::AGENTS::LW_Agent 1,-286.061688602519,21.8372781595961,-103.22524567026,1,0,0,0,1,0
INSTANTIATE::AGENTS::LW_Agent 2,-280.242929481693,22.2922407773277,-109.283276598443,1,0,0,0,1,0
INSTANTIATE::AGENTS::LW_Agent 2,-281.457993740938,22.2002452373834,-107.973138413345,1,0,0,0,1,0
INSTANTIATE::AGENTS::LW_Agent 2,-350.059617796346,15.6089048836335,-43.3432663794234,1,0,0,0,1,0
INSTANTIATE::AGENTS::LW_Agent 2,-348.782609852908,15.74667315041,-44.5931039410858,1,0,0,0,1,0
INSTANTIATE::AGENTS::LW_Agent 1,-354.887559832043,15.1003662866283,-38.8235907739915,1,0,0,0,1,0
INSTANTIATE::AGENTS::LW_Agent 1,-356.164567775481,14.9619451694067,-37.5737532123291,1,0,0,0,1,0
INSTANTIATE::AGENTS::LW_Agent 2,-393.215632797061,11.0252098275734,-2.8579049672275,1,0,0,0,1,0
INSTANTIATE::AGENTS::LW_Agent 2,-394.492640740499,10.8865897598558,-1.6080674055651,1,0,0,0,1,0
INSTANTIATE::AGENTS::LW_Agent 2,-0.969828786684543,18.5821970926529,-391.783226568347,1,0,0,0,1,0
INSTANTIATE::AGENTS::LW_Agent 2,-3.36923981859097,18.811121419486,-390.007400355106,1,0,0,0,1,0
INSTANTIATE::AGENTS::LW_Agent 1,-7.56364022883691,19.2585235273691,-385.64620717442,1,0,0,0,1,0
INSTANTIATE::AGENTS::LW_Agent 1,-5.16422919693048,19.0290555967735,-387.42203338766,1,0,0,0,1,0
INSTANTIATE::AGENTS::LW_Agent 1,-29.5034207517262,21.4484937967249,-365.680304963218,1,0,0,0,1,0
INSTANTIATE::AGENTS::LW_Agent 1,-31.9028317836326,21.6672135227004,-363.904478749978,1,0,0,0,1,0
INSTANTIATE::TARGETS::PARK,-386.006860298518,14.8942484121026,-334.489645393536,1,0,0,0,1,0
INSTANTIATE::TARGETS::PARK,-78.4390336219664,6.21538339567724,-20.825904759871,1,0,0,0,1,0
INSTANTIATE::TARGETS::PARK,-15.903095027695,3.44909706087797,-74.4281378406749,1,0,0,0,1,0
INSTANTIATE::TARGETS::PARK,-6.96938951422766,19.7623783210885,-364.773567028363,1,0,0,0,1,0
INSTANTIATE::TARGETS::PARK,-294.336916864094,21.3480220584454,-469.000131352149,1,0,0,0,1,0
INSTANTIATE::TARGETS::PARK,-487.900536322554,7.83015797762952,-62.5165304893853,1,0,0,0,1,0
INSTANTIATE::TARGETS::PARK,-450.676763349773,8.55374415128108,-16.3590520031374,1,0,0,0,1,0
INSTANTIATE::TARGETS::MIDALLEY,-424.868426408998,11.2479941717845,-301.371815301566,1,0,0,0,1,0
INSTANTIATE::TARGETS::MIDALLEY,-441.216317230369,12.4771023533061,-183.655494057729,1,0,0,0,1,0
INSTANTIATE::TARGETS::MIDALLEY,-376.035140960355,13.997858911507,-254.724002377937,1,0,0,0,1,0
INSTANTIATE::TARGETS::MIDALLEY,-467.285204177216,8.49774565968117,-285.980950322549,1,0,0,0,1,0
INSTANTIATE::TARGETS::MIDALLEY,-438.269067644113,11.5691383702281,-224.584487513375,1,0,0,0,1,0
INSTANTIATE::TARGETS::MIDALLEY,-215.690069012142,18.0121611936202,-84.9033293853257,1,0,0,0,1,0
INSTANTIATE::TARGETS::MIDALLEY,-176.160839532263,16.6022487562877,-126.955701172431,1,0,0,0,1,0
INSTANTIATE::TARGETS::MIDALLEY,-32.6899216587595,11.0015114833747,-175.790994371681,1,0,0,0,1,0
INSTANTIATE::TARGETS::MIDALLEY,-110.79405227007,17.9747489601756,-435.882163960016,1,0,0,0,1,0
INSTANTIATE::TARGETS::MIDALLEY,-106.743895167814,22.6716825265547,-347.611409238974,1,0,0,0,1,0
INSTANTIATE::TARGETS::MIDALLEY,-125.818851010445,18.6214074971004,-417.779996802938,1,0,0,0,1,0
INSTANTIATE::TARGETS::MIDALLEY,-250.844967832547,14.9058440765032,-363.957965147686,1,0,0,0,1,0
INSTANTIATE::TARGETS::MIDALLEY,-457.805927501428,15.8829458726166,-483.069394081291,1,0,0,0,1,0
INSTANTIATE::TARGETS::MIDALLEY,-408.970634302177,19.5126792058506,-485.552544582948,1,0,0,0,1,0
INSTANTIATE::TARGETS::MIDALLEY,-442.894828540695,11.9160376215279,-89.1758503588956,1,0,0,0,1,0
INSTANTIATE::TARGETS::MIDALLEY,-413.260522142322,11.6792147758889,-32.9728554654291,1,0,0,0,1,0
INSTANTIATE::TARGETS::MIDALLEY,-371.704368342304,16.4333258669959,-76.9133787457757,1,0,0,0,1,0
INSTANTIATE::TARGETS::MIDALLEY,-344.179179727345,13.9848336310004,-16.7292563785641,1,0,0,0,1,0
INSTANTIATE::TARGETS::MIDALLEY,-121.531528495814,12.2724180421494,-177.446428039453,1,0,0,0,1,0
INSTANTIATE::TARGETS::MIDALLEY,-221.874878646551,15.425629491096,-424.933105243925,1,0,0,0,1,0
INSTANTIATE::TARGETS::INTERSECTIONS,-416.472636073623,14.5280512442616,-175.628582831152,1,0,0,0,1,0
INSTANTIATE::TARGETS::INTERSECTIONS,-413.096413999732,11.2553692960003,-267.535809170514,1,0,0,0,1,0
INSTANTIATE::TARGETS::INTERSECTIONS,-257.729027992804,19.5422295532995,-78.7334135683227,1,0,0,0,1,0
INSTANTIATE::TARGETS::INTERSECTIONS,-94.9420491541399,13.0414271487612,-197.738971820138,1,0,0,0,1,0
INSTANTIATE::TARGETS::INTERSECTIONS,-21.3190591015732,18.3929693395703,-282.905659428931,1,0,0,0,1,0
INSTANTIATE::TARGETS::INTERSECTIONS,-42.8041098745233,19.0812619118305,-422.109212846968,1,0,0,0,1,0
INSTANTIATE::TARGETS::INTERSECTIONS,-88.6182366300912,17.0926397839589,-453.396909167843,1,0,0,0,1,0
INSTANTIATE::TARGETS::INTERSECTIONS,-156.139320125992,16.9081518838969,-418.640748226254,1,0,0,0,1,0
INSTANTIATE::TARGETS::INTERSECTIONS,-119.753964140265,20.4156735853157,-392.573627520061,1,0,0,0,1,0
INSTANTIATE::TARGETS::INTERSECTIONS,-191.932088304585,15.8902486536997,-370.330495761216,1,0,0,0,1,0
INSTANTIATE::TARGETS::INTERSECTIONS,-177.667234831182,13.6171268164152,-44.1293116190108,1,0,0,0,1,0
INSTANTIATE::TARGETS::INTERSECTIONS,-287.174171954247,14.4999433649565,-9.9363292111968,1,0,0,0,1,0
INSTANTIATE::TARGETS::INTERSECTIONS,-37.3584845314968,14.7510923685569,-478.427066224544,1,0,0,0,1,0
INSTANTIATE::TARGETS::INTERSECTIONS,-261.697388431459,23.0966109957183,-132.329386816171,1,0,0,0,1,0
INSTANTIATE::TARGETS::INTERSECTIONS,-286.90358008065,22.2890735616685,-109.166940435834,1,0,0,0,1,0
INSTANTIATE::TARGETS::INTERSECTIONS,-354.666202589278,15.4873049875678,-44.576278709309,1,0,0,0,1,0
INSTANTIATE::TARGETS::INTERSECTIONS,-398.817682805276,10.7262402541175,-2.43359019779878,1,0,0,0,1,0
INSTANTIATE::TARGETS::INTERSECTIONS,-187.441310329789,16.4289903692004,-202.15735016866,1,0,0,0,1,0
INSTANTIATE::TARGETS::INTERSECTIONS,-299.776927154631,22.4511035154766,-177.042786432356,1,0,0,0,1,0
INSTANTIATE::TARGETS::INTERSECTIONS,-323.913150030734,21.924448897837,-158.046685094681,1,0,0,0,1,0
INSTANTIATE::TARGETS::INTERSECTIONS,-384.322104562659,16.7340378553411,-106.441946744029,1,0,0,0,1,0
INSTANTIATE::TARGETS::INTERSECTIONS,-428.262627843005,12.1465981021319,-64.2045445210608,1,0,0,0,1,0
INSTANTIATE::TARGETS::INTERSECTIONS,-39.2700743819244,22.2633463167704,-361.568473813022,1,0,0,0,1,0
INSTANTIATE::TARGETS::INTERSECTIONS,-76.6499604149068,23.680207706997,-333.533559288285,1,0,0,0,1,0
INSTANTIATE::TARGETS::INTERSECTIONS,-131.162294213006,18.7855872245953,-291.48118750118,1,0,0,0,1,0
INSTANTIATE::TARGETS::INTERSECTIONS,-191.904609016603,14.4347064885837,-249.947980797866,1,0,0,0,1,0
INSTANTIATE::TARGETS::INTERSECTIONS,-457.556310029903,11.2777562419672,-112.232558339114,1,0,0,0,1,0
INSTANTIATE::TARGETS::INTERSECTIONS,-392.96956548181,16.468787082355,-123.853702686867,1,0,0,0,1,0
INSTANTIATE::TARGETS::INTERSECTIONS,-4.51349305588042,18.7853296158092,-392.654594364247,1,0,0,0,1,0
INSTANTIATE::TARGETS::CORNERS,-172.885650360925,14.4594933759154,-252.307566052155,1,0,0,0,1,0
INSTANTIATE::TARGETS::CORNERS,-30.4981699096637,21.6745948578102,-356.991632716424,1,0,0,0,1,0
INSTANTIATE::TARGETS::CORNERS,-38.212635406814,22.3007566443131,-351.536960142681,1,0,0,0,1,0
INSTANTIATE::TARGETS::CORNERS,-72.6371129816507,23.0545114807035,-324.389062535553,1,0,0,0,1,0
INSTANTIATE::TARGETS::CORNERS,-65.7351209643594,23.3341771653406,-330.115159616566,1,0,0,0,1,0
INSTANTIATE::TARGETS::CORNERS,-128.779702655737,18.3268077619972,-281.780969592375,1,0,0,0,1,0
INSTANTIATE::TARGETS::CORNERS,-121.521091937964,19.0043711586303,-287.082911334053,1,0,0,0,1,0
INSTANTIATE::TARGETS::CORNERS,-185.433471848361,14.455645221409,-243.362584397745,1,0,0,0,1,0
INSTANTIATE::TARGETS::CORNERS,-187.082830234461,16.6273293204912,-196.295985968801,1,0,0,0,1,0
INSTANTIATE::TARGETS::CORNERS,-193.082830234461,16.8054940227172,-202.295985968801,1,0,0,0,1,0
INSTANTIATE::TARGETS::CORNERS,-10.5636731553759,19.1248331978593,-394.022326564519,1,0,0,0,1,0
INSTANTIATE::TARGETS::CORNERS,-4.56742951895457,18.4871116748238,-399.76609678467,1,0,0,0,1,0
INSTANTIATE::TARGETS::CORNERS,-39.9269610728474,22.0182639740562,-371.173781408155,1,0,0,0,1,0
INSTANTIATE::TARGETS::CORNERS,-433.166916719249,11.8257470598389,-64.6859451526299,1,0,0,0,1,0
INSTANTIATE::TARGETS::CORNERS,-427.185897229829,12.4529756664224,-70.294250761281,1,0,0,0,1,0
INSTANTIATE::TARGETS::CORNERS,-451.135440927024,11.7438771889271,-110.210824281546,1,0,0,0,1,0
INSTANTIATE::TARGETS::CORNERS,-460.209259765756,11.01829662655,-108.831448395423,1,0,0,0,1,0
INSTANTIATE::TARGETS::CORNERS,-387.110325707911,16.8857136429256,-121.770275364213,1,0,0,0,1,0
INSTANTIATE::TARGETS::CORNERS,-395.72401174549,16.1798512328038,-119.368382142195,1,0,0,0,1,0
INSTANTIATE::TARGETS::CORNERS,-383.689118204923,16.9594301519097,-113.074535715509,1,0,0,0,1,0
INSTANTIATE::TARGETS::CORNERS,-389.802454104359,16.3559873397618,-107.395925924478,1,0,0,0,1,0
INSTANTIATE::TARGETS::CORNERS,-403.611619758076,10.5789690625509,-3.9878231393057,1,0,0,0,1,0
INSTANTIATE::TARGETS::CORNERS,-397.630600268656,11.2193541208875,-9.59612874795682,1,0,0,0,1,0
INSTANTIATE::TARGETS::CORNERS,-359.576457954997,15.3286364969762,-45.6552815462954,1,0,0,0,1,0
INSTANTIATE::TARGETS::CORNERS,-353.463122055562,15.9773260972807,-51.3338913373266,1,0,0,0,1,0
INSTANTIATE::TARGETS::CORNERS,-292.737763420826,22.1728648743131,-108.550964321823,1,0,0,0,1,0
INSTANTIATE::TARGETS::CORNERS,-286.677016116667,22.6667448230093,-114.130699935175,1,0,0,0,1,0
INSTANTIATE::TARGETS::CORNERS,-267.725155498902,23.433297674472,-132.120537171328,1,0,0,0,1,0
INSTANTIATE::TARGETS::CORNERS,-261.568205856582,23.2650312967431,-138.085082137325,1,0,0,0,1,0
INSTANTIATE::TARGETS::CORNERS,-183.082830234461,16.2002351422009,-200.295985968801,1,0,0,0,1,0
INSTANTIATE::TARGETS::CORNERS,-189.082830234461,16.3699132953215,-206.295985968801,1,0,0,0,1,0
INSTANTIATE::TARGETS::CORNERS,-297.169436065766,23.230716567262,-166.478727118695,1,0,0,0,1,0
INSTANTIATE::TARGETS::CORNERS,-290.312133401632,23.1392267213261,-170.842465177689,1,0,0,0,1,0
INSTANTIATE::TARGETS::CORNERS,-323.819407783194,22.062914471201,-148.478307625345,1,0,0,0,1,0
INSTANTIATE::TARGETS::CORNERS,-315.740258462542,22.6167687962998,-153.654012658887,1,0,0,0,1,0
INSTANTIATE::TARGETS::CORNERS,-423.335677631706,12.4577628819704,-63.5405868760485,1,0,0,0,1,0
INSTANTIATE::TARGETS::CORNERS,-429.316697121126,11.8233953100042,-57.9322812673974,1,0,0,0,1,0
INSTANTIATE::TARGETS::CORNERS,-379.563874547417,17.0645259879964,-105.851868535622,1,0,0,0,1,0
INSTANTIATE::TARGETS::CORNERS,-385.677210446852,16.4427320996598,-100.173258744591,1,0,0,0,1,0
INSTANTIATE::TARGETS::CORNERS,-46.784263736981,22.6822662703924,-365.563261046591,1,0,0,0,1,0
INSTANTIATE::TARGETS::CORNERS,-83.7648788037674,23.7056238991045,-336.070376322843,1,0,0,0,1,0
INSTANTIATE::TARGETS::CORNERS,-76.8628867864761,24.1247699519303,-341.796473403855,1,0,0,0,1,0
INSTANTIATE::TARGETS::CORNERS,-138.373692474011,18.6307127221206,-296.171954319786,1,0,0,0,1,0
INSTANTIATE::TARGETS::CORNERS,-131.115081756238,19.3355112104731,-301.473896061464,1,0,0,0,1,0
INSTANTIATE::TARGETS::CORNERS,-200.434706137488,14.5518355338879,-253.819941020457,1,0,0,0,1,0
INSTANTIATE::TARGETS::CORNERS,-192.93092376091,14.2138205828079,-259.399676633809,1,0,0,0,1,0
INSTANTIATE::TARGETS::CORNERS,-307.046701057096,21.9810137644627,-179.872006335196,1,0,0,0,1,0
INSTANTIATE::TARGETS::CORNERS,-300.189398392962,21.9375095933803,-184.23574439419,1,0,0,0,1,0
INSTANTIATE::TARGETS::CORNERS,-333.696672774524,21.111710872804,-161.871586841845,1,0,0,0,1,0
INSTANTIATE::TARGETS::CORNERS,-325.617523453872,21.5422421334182,-167.047291875388,1,0,0,0,1,0
INSTANTIATE::TARGETS::CORNERS,-463.532441107415,10.8629006844682,-115.835692146304,1,0,0,0,1,0
INSTANTIATE::TARGETS::CORNERS,-454.458622268683,11.5896662437936,-117.215068032426,1,0,0,0,1,0
INSTANTIATE::TARGETS::CORNERS,-399.03696791379,16.0350450968914,-126.449825951936,1,0,0,0,1,0
INSTANTIATE::TARGETS::CORNERS,-390.42328187621,16.7374752420149,-128.851719173953,1,0,0,0,1,0
INSTANTIATE::TARGETS::CORNERS,-394.840732461979,10.8304388237695,-0.969271780649548,1,0,0,0,1,0
INSTANTIATE::TARGETS::CORNERS,-355.451214297491,15.0498960157043,-38.4326143664083,1,0,0,0,1,0
INSTANTIATE::TARGETS::CORNERS,-349.337878398056,15.6908900820745,-44.1112241574395,1,0,0,0,1,0
INSTANTIATE::TARGETS::CORNERS,-286.737763420826,21.7822649980614,-102.550964321823,1,0,0,0,1,0
INSTANTIATE::TARGETS::CORNERS,-280.677016116667,22.2075794098364,-108.130699935175,1,0,0,0,1,0
INSTANTIATE::TARGETS::CORNERS,-261.725155498902,22.8263928176237,-126.120537171328,1,0,0,0,1,0
INSTANTIATE::TARGETS::CORNERS,-255.568205856582,22.6911411381555,-132.085082137325,1,0,0,0,1,0
INSTANTIATE::TARGETS::CORNERS,-0.527854858628604,18.5394089474219,-392.128775942491,1,0,0,0,1,0
INSTANTIATE::TARGETS::CORNERS,-6.2716250787796,19.1359292383097,-386.574360784543,1,0,0,0,1,0
